,In-Sample R2,Out-of-Sample R2
6 Portfolios In Sample,0.05447342134002375,
25 Portfolios In Sample,0.05074556844136213,
100 Portfolios In Sample,0.06883251865020834,
6 Portfolios,,-0.005524732542742328
25 Portfolios,,-0.004581951950253238
100 Portfolios,,-0.017974162509412528
